{
  "alphas": [
    0.01,
    0.035789473684210524,
    0.06157894736842105,
    0.08736842105263157,
    0.1131578947368421,
    0.13894736842105262,
    0.16473684210526315,
    0.19052631578947368,
    0.2163157894736842,
    0.24210526315789474,
    0.26789473684210524,
    0.29368421052631577,
    0.3194736842105263,
    0.3452631578947368,
    0.37105263157894736,
    0.3968421052631579,
    0.4226315789473684,
    0.44842105263157894,
    0.47421052631578947,
    0.5
  ],
  "autonomies": [
    0.05,
    0.08947368421052632,
    0.12894736842105264,
    0.16842105263157894,
    0.20789473684210524,
    0.24736842105263157,
    0.2868421052631579,
    0.32631578947368417,
    0.3657894736842105,
    0.4052631578947368,
    0.44473684210526315,
    0.4842105263157894,
    0.5236842105263158,
    0.5631578947368421,
    0.6026315789473684,
    0.6421052631578947,
    0.6815789473684211,
    0.7210526315789474,
    0.7605263157894737,
    0.8
  ],
  "grid": [
    [
      0.00018982990980608,
      0.00033995682984037646,
      0.0004903150945695405,
      0.0006409054924098069,
      0.0007917288159944623,
      0.0009427858622047343,
      0.0010940774322009703,
      0.001245604331454106,
      0.0013973673697774314,
      0.0015493673613586505,
      0.0017016051247922468,
      0.0018540814831121497,
      0.002006797263824712,
      0.0021597532989419996,
      0.0023129504250153908,
      0.002466389483169504,
      0.002620071319136441,
      0.0027739967832903596,
      0.0029281667306823734,
      0.0030825820210757912
    ],
    [
      0.0006811022375818823,
      0.0012221953112052796,
      0.001766311508143843,
      0.002313488384229379,
      0.0028637642314844358,
      0.003417178097992826,
      0.003973769808456589,
      0.004533579985468352,
      0.005096650071529604,
      0.0056630223518467845,
      0.006232739977938881,
      0.006805846992091836,
      0.007382388352696912,
      0.007962409960512163,
      0.008545958685888075,
      0.009133082397000818,
      0.009723829989138608,
      0.010318251415089384,
      0.010916397716680393,
      0.011518321057523234
    ],
    [
      0.0011748624416441976,
      0.0021124990795949824,
      0.0030592685255819044,
      0.004015369678462256,
      0.004981008310792182,
      0.0059563973977809805,
      0.006941757466511698,
      0.007937316966964016,
      0.00894331266651434,
      0.009959990069741503,
      0.010987603865536384,
      0.01202641840370217,
      0.013076708203441017,
      0.014138758496355309,
      0.015212865806850433,
      0.016299338573114577,
      0.017398497812173133,
      0.018510677832875806,
      0.019636227001078293,
      0.020775508561733567
    ],
    [
      0.0016711385109159016,
      0.003011032803946394,
      0.004369692385349596,
      0.005747708273356756,
      0.007145701197915661,
      0.008564323681665903,
      0.01000426230971714,
      0.0114662402094402,
      0.01295101976434198,
      0.014459405589409596,
      0.01599224779915987,
      0.017550445604117754,
      0.019134951276692725,
      0.020746774533574496,
      0.022386987389009197,
      0.024056729541867862,
      0.025757214369555352,
      0.02748973561387045,
      0.029255674858342066,
      0.031056509913864487
    ],
    [
      0.002169958930792936,
      0.003917966483040674,
      0.005698113415184324,
      0.0075117365751968925,
      0.009360262116748551,
      0.011245213864327634,
      0.013168222700189912,
      0.015131037128774675,
      0.01713553520290257,
      0.019183738031000305,
      0.021277825127370295,
      0.023420151920190674,
      0.025613269797164388,
      0.027859949150036433,
      0.030163205981192476,
      0.03252633276440675,
      0.03495293441581176,
      0.037446970441570256,
      0.040012804600969794,
      0.042655263779118276
    ],
    [
      0.002671352695261018,
      0.004833475684177474,
      0.0070450876272541985,
      0.009308767026352222,
      0.01162730954347793,
      0.014003753820157255,
      0.016441411329155144,
      0.018943901049825455,
      0.021515189947749976,
      0.024159640482814413,
      0.02688206668565,
      0.029687800755713006,
      0.03258277268072713,
      0.03557360610742433,
      0.03866773468063802,
      0.04187354441907487,
      0.045200549571272806,
      0.0486596120365554,
      0.05226321821748847,
      0.05602583268306546
    ],
    [
      0.003175349319390543,
      0.005757741795595787,
      0.008411198449991901,
      0.011140199388250551,
      0.013949684358066037,
      0.016845119807334618,
      0.01983257889370133,
      0.022918837615017763,
      0.02611149118490884,
      0.02941909607904155,
      0.03285134497546548,
      0.03641928433210633,
      0.04013558793249248,
      0.04401490492990953,
      0.04807430860051836,
      0.052333883607392315,
      0.05681750749561527,
      0.06155391059322314,
      0.06657814508063556,
      0.07193367297569528
    ],
    [
      0.003681978852224108,
      0.006690952293614491,
      0.009797058611086004,
      0.013007528887964687,
      0.016330476526513593,
      0.019775051526782484,
      0.02335163078087933,
      0.027072055135357452,
      0.03094992796613599,
      0.0350009958094306,
      0.03924364018326272,
      0.043699522741490776,
      0.048394446081864176,
      0.053359524707761126,
      0.05863281358059613,
      0.06426163195959128,
      0.07030598062596104,
      0.07684374979466717,
      0.0839790061975087,
      0.09185589977882315
    ],
    [
      0.004191271890071724,
      0.0076333010255478645,
      0.011203312187953066,
      0.014912355356004133,
      0.018773055989941913,
      0.022799939606221023,
      0.02700984644897117,
      0.031422468574251315,
      0.03606105624367963,
      0.04095336323432017,
      0.04613293704891824,
      0.05164092016619074,
      0.05752863165803948,
      0.06386138319100856,
      0.07072433095068911,
      0.07823185914490019,
      0.08654348129261065,
      0.09589274720558194,
      0.10664486734908143,
      0.11942702370600569
    ],
    [
      0.0047032595902294985,
      0.008584988509541445,
      0.012630636844128981,
      0.016856393505686573,
      0.021281108594256002,
      0.025926931122332526,
      0.030820154729428863,
      0.03599236005179009,
      0.04148199059052215,
      0.04733657995495198,
      0.05361599011729412,
      0.06039727997420037,
      0.06778232577473797,
      0.07591035251315777,
      0.0849798591670756,
      0.09529018427138809,
      0.10732928673869183,
      0.1219897685377129,
      0.1412405354114972,
      0.171265015925665
    ],
    [
      0.005217973685138254,
      0.00954622225257278,
      0.01407974627245449,
      0.018841484532058993,
      0.02385867809577135,
      0.029164057889115108,
      0.03479748337670246,
      0.04080825919580545,
      0.047258504273539864,
      0.054228218483608585,
      0.061823215331343016,
      0.07018817096631638,
      0.07952946513764828,
      0.09015851711253013,
      0.1025834654187145,
      0.11773577088523866,
      0.13768313399748425,
      0.16908307476348997,
      0.276259636292845,
      1.0
    ],
    [
      0.0057354464969993305,
      0.010517217087970786,
      0.0155513928687448,
      0.020869609241926653,
      0.026510215538050205,
      0.03252039377109157,
      0.03895920870536107,
      0.045902139193489976,
      0.05344806863216751,
      0.061730575370949316,
      0.07093724104412479,
      0.08134518460239838,
      0.09339317838607986,
      0.10784956809456371,
      0.12629374150880834,
      0.15308807359099627,
      0.21350540235964255,
      1.0,
      1.0,
      1.0
    ],
    [
      0.0062557109528656426,
      0.011498195533927657,
      0.017046370662893395,
      0.022942902967646468,
      0.02924063763308303,
      0.036006249410377486,
      0.04332574244599259,
      0.05131307779097253,
      0.06012439777245442,
      0.06998299504891935,
